"Code","Name","Sector","Source"
"AADI","PT Adaro Andalan Indonesia Tbk","Energy","stockanalysis:company"
"AALI","PT Astra Agro Lestari Tbk","Consumer Staples","stockanalysis:company"
"ABBA","PT Mahaka Media Tbk","Communication Services","stockanalysis:company"
"ABDA","PT Asuransi Bina Dana Arta Tbk","Financials","stockanalysis:company"
"ABMM","PT ABM Investama Tbk","Energy","stockanalysis:company"
"ACES","PT Aspirasi Hidup Indonesia Tbk","Consumer Discretionary","stockanalysis:company"
"ACRO","PT Samcro Hyosung Adilestari Tbk","Consumer Discretionary","stockanalysis:company"
"ACST","PT Acset Indonusa Tbk","Industrials","stockanalysis:company"
"ADCP","PT Adhi Commuter Properti Tbk","Real Estate","stockanalysis:company"
"ADES","PT Akasha Wira International Tbk","Consumer Staples","stockanalysis:company"
"ADHI","PT Adhi Karya (Persero) Tbk","Industrials","stockanalysis:company"
"ADMF","PT Adira Dinamika Multi Finance Tbk","Financials","stockanalysis:company"
"ADMG","PT. Polychem Indonesia Tbk","Materials","stockanalysis:company"
"ADMR","PT Alamtri Minerals Indonesia Tbk","Materials","stockanalysis:company"
"ADRO","PT Alamtri Resources Indonesia Tbk","Energy","stockanalysis:company"
"AEGS","PT. Anugerah Spareparts Sejahtera Tbk","Consumer Discretionary","stockanalysis:company"
"AGAR","PT Asia Sejahtera Mina Tbk","Consumer Staples","stockanalysis:company"
"AGII","PT Samator Indo Gas Tbk","Materials","stockanalysis:company"
"AGRO","PT Bank Raya Indonesia Tbk","Financials","stockanalysis:company"
"AGRS","PT Bank IBK Indonesia Tbk","Financials","stockanalysis:company"
"AHAP","PT Asuransi Harta Aman Pratama Tbk","Financials","stockanalysis:company"
"AIMS","PT Artha Mahiya Investama Tbk","Energy","stockanalysis:company"
"AISA","PT FKS Food Sejahtera Tbk","Consumer Staples","stockanalysis:company"
"AKKU","PT Anugerah Kagum Karya Utama Tbk","Consumer Discretionary","stockanalysis:company"
"AKPI","PT Argha Karya Prima Industry Tbk","Consumer Discretionary","stockanalysis:company"
"AKRA","PT AKR Corporindo Tbk","Energy","stockanalysis:company"
"AKSI","PT Mineral Sumberdaya Mandiri Tbk","Industrials","stockanalysis:company"
"ALDO","PT Alkindo Naratama Tbk","Materials","stockanalysis:company"
"ALII","PT Ancara Logistics Indonesia Tbk","Industrials","stockanalysis:company"
"ALKA","PT Alakasa Industrindo Tbk","Materials","stockanalysis:company"
"ALMI","PT Alumindo Light Metal Industry Tbk","Materials","stockanalysis:company"
"ALTO","PT Tri Banyan Tirta Tbk","Consumer Staples","stockanalysis:company"
"AMAG","PT Asuransi Multi Artha Guna Tbk","Financials","stockanalysis:company"
"AMAN","PT Makmur Berkah Amanda Tbk","Real Estate","stockanalysis:company"
"AMAR","PT Bank Amar Indonesia Tbk","Financials","stockanalysis:company"
"AMFG","PT Asahimas Flat Glass Tbk","Materials","stockanalysis:company"
"AMIN","PT Ateliers Mecaniques D'Indonesie Tbk","Industrials","stockanalysis:company"
"AMMN","PT Amman Mineral Internasional Tbk","Materials","stockanalysis:company"
"AMMS","PT Agung Menjangan Mas Tbk","Consumer Staples","stockanalysis:company"
"AMOR","PT Ashmore Asset Management Indonesia Tbk","Financials","stockanalysis:company"
"AMRT","PT Sumber Alfaria Trijaya Tbk","Consumer Staples","stockanalysis:company"
"ANDI","PT Andira Agro, Tbk","Consumer Staples","stockanalysis:company"
"ANJT","PT Austindo Nusantara Jaya Tbk","Consumer Staples","stockanalysis:company"
"ANTM","PT Antam (Persero) Tbk","Materials","stockanalysis:company"
"APEX","PT Apexindo Pratama Duta Tbk","Energy","stockanalysis:company"
"APIC","PT Pacific Strategic Financial Tbk","Financials","stockanalysis:company"
"APII","PT Arita Prima Indonesia Tbk","Industrials","stockanalysis:company"
"APLI","PT Asiaplast Industries Tbk","Consumer Discretionary","stockanalysis:company"
"APLN","PT Agung Podomoro Land Tbk","Real Estate","stockanalysis:company"
"ARCI","PT Archi Indonesia Tbk","Materials","stockanalysis:company"
"AREA","PT Dunia Virtual Online Tbk","Technology","stockanalysis:company"
"ARGO","PT Argo Pantes Tbk","Consumer Discretionary","stockanalysis:company"
"ARII","PT Atlas Resources Tbk","Energy","stockanalysis:company"
"ARKA","PT Arkha Jayanti Persada Tbk","Industrials","stockanalysis:company"
"ARKO","PT Arkora Hydro Tbk","Utilities","stockanalysis:company"
"ARNA","PT Arwana Citramulia Tbk","Industrials","stockanalysis:company"
"ARTA","PT Arthavest Tbk","Consumer Discretionary","stockanalysis:company"
"ARTO","PT Bank Jago Tbk","Financials","stockanalysis:company"
"ASBI","PT Asuransi Bintang Tbk","Financials","stockanalysis:company"
"ASDM","PT Asuransi Dayin Mitra Tbk","Financials","stockanalysis:company"
"ASGR","PT Astra Graphia Tbk","Industrials","stockanalysis:company"
"ASHA","PT Cilacap Samudera Fishing Industry Tbk","Consumer Staples","stockanalysis:company"
"ASII","PT Astra International Tbk","Industrials","stockanalysis:company"
"ASJT","PT Asuransi Jasa Tania Tbk","Financials","stockanalysis:company"
"ASLC","PT Autopedia Sukses Lestari Tbk","Consumer Discretionary","stockanalysis:company"
"ASLI","PT Asri Karya Lestari Tbk","Industrials","stockanalysis:company"
"ASMI","PT Asuransi Maximus Graha Persada Tbk","Financials","stockanalysis:company"
"ASPI","PT Andalan Sakti Primaindo Tbk","Consumer Discretionary","stockanalysis:company"
"ASPR","PT Asia Pramulia Tbk","Consumer Discretionary","stockanalysis:company"
"ASRI","PT Alam Sutera Realty Tbk","Real Estate","stockanalysis:company"
"ASRM","PT Asuransi Ramayana Tbk","Financials","stockanalysis:company"
"ASSA","PT Adi Sarana Armada Tbk","Industrials","stockanalysis:company"
"ATAP","PT Trimitra Prawara Goldland Tbk","Consumer Discretionary","stockanalysis:company"
"ATIC","PT Anabatic Technologies Tbk","Technology","stockanalysis:company"
"ATLA","PT Atlantis Subsea Indonesia Tbk","Energy","stockanalysis:company"
"AUTO","PT Astra Otoparts Tbk","Consumer Discretionary","stockanalysis:company"
"AVIA","PT Avia Avian Tbk","Materials","stockanalysis:company"
"AWAN","PT Era Digital Media Tbk","Communication Services","stockanalysis:company"
"AXIO","PT Tera Data Indonusa Tbk","Technology","stockanalysis:company"
"AYAM","PT Janu Putra Sejahtera Tbk.","Consumer Staples","stockanalysis:company"
"AYLS","PT Agro Yasa Lestari Tbk","Consumer Staples","stockanalysis:company"
"BABP","PT Bank MNC Internasional Tbk","Financials","stockanalysis:company"
"BABY","PT Multitrend Indo Tbk","Consumer Discretionary","stockanalysis:company"
"BACA","PT Bank Capital Indonesia Tbk","Financials","stockanalysis:company"
"BAIK","PT Bersama Mencapai Puncak Tbk","Consumer Discretionary","stockanalysis:company"
"BAJA","PT Saranacentral Bajatama Tbk","Materials","stockanalysis:company"
"BALI","PT Bali Towerindo Sentra Tbk","Communication Services","stockanalysis:company"
"BANK","PT Bank Aladin Syariah Tbk","Financials","stockanalysis:company"
"BAPA","PT Bekasi Asri Pemula Tbk","Real Estate","stockanalysis:company"
"BAPI","PT Bhakti Agung Propertindo Tbk","Real Estate","stockanalysis:company"
"BATA","PT Sepatu Bata Tbk.","Consumer Discretionary","stockanalysis:company"
"BATR","PT Benteng Api Technic Tbk","Materials","stockanalysis:company"
"BAUT","PT Mitra Angkasa Sejahtera Tbk","Industrials","stockanalysis:company"
"BAYU","PT Bayu Buana Tbk","Consumer Discretionary","stockanalysis:company"
"BBCA","PT Bank Central Asia Tbk","Financials","stockanalysis:company"
"BBHI","PT Allo Bank Indonesia Tbk","Financials","stockanalysis:company"
"BBKP","PT Bank KB Indonesia Tbk","Financials","stockanalysis:company"
"BBLD","PT Buana Finance Tbk","Financials","stockanalysis:company"
"BBMD","PT Bank Mestika Dharma Tbk","Financials","stockanalysis:company"
"BBNI","PT Bank Negara Indonesia (Persero) Tbk","Financials","stockanalysis:company"
"BBRI","PT Bank Rakyat Indonesia (Persero) Tbk","Financials","stockanalysis:company"
"BBRM","PT Pelayaran Nasional Bina Buana Raya Tbk","Industrials","stockanalysis:company"
"BBSI","PT Krom Bank Indonesia Tbk","Financials","stockanalysis:company"
"BBSS","PT Bumi Benowo Sukses Sejahtera Tbk","Industrials","stockanalysis:company"
"BBTN","PT Bank Tabungan Negara (Persero) Tbk","Financials","stockanalysis:company"
"BBYB","PT Bank Neo Commerce Tbk","Financials","stockanalysis:company"
"BCAP","PT MNC Kapital Indonesia Tbk","Financials","stockanalysis:company"
"BCIC","PT Bank JTrust Indonesia Tbk","Financials","stockanalysis:company"
"BCIP","PT Bumi Citra Permai Tbk","Real Estate","stockanalysis:company"
"BDKR","PT Berdikari Pondasi Perkasa Tbk","Industrials","stockanalysis:company"
"BDMN","PT Bank Danamon Indonesia Tbk","Financials","stockanalysis:company"
"BEBS","PT Berkah Beton Sadaya Tbk","Materials","stockanalysis:company"
"BEEF","PT Estika Tata Tiara Tbk","Consumer Staples","stockanalysis:company"
"BEER","PT Jobubu Jarum Minahasa Tbk","Consumer Staples","stockanalysis:company"
"BEKS","PT. Bank Pembangunan Daerah Banten, Tbk","Financials","stockanalysis:company"
"BELI","PT Global Digital Niaga Tbk","Consumer Discretionary","stockanalysis:company"
"BELL","PT Trisula Textile Industries Tbk","Consumer Discretionary","stockanalysis:company"
"BESS","PT Batulicin Nusantara Maritim Tbk","Industrials","stockanalysis:company"
"BEST","PT Bekasi Fajar Industrial Estate Tbk","Real Estate","stockanalysis:company"
"BFIN","PT BFI Finance Indonesia Tbk","Financials","stockanalysis:company"
"BGTG","PT Bank Ganesha Tbk","Financials","stockanalysis:company"
"BHAT","PT Bhakti Multi Artha Tbk","Financials","stockanalysis:company"
"BHIT","PT MNC Asia Holding Tbk","Communication Services","stockanalysis:company"
"BIKE","PT Sepeda Bersama Indonesia Tbk","Consumer Discretionary","stockanalysis:company"
"BIMA","PT. Primarindo Asia Infrastructure, Tbk.","Consumer Discretionary","stockanalysis:company"
"BINA","PT Bank Ina Perdana Tbk","Financials","stockanalysis:company"
"BINO","PT Perma Plasindo Tbk","Industrials","stockanalysis:company"
"BIPI","PT Astrindo Nusantara Infrastruktur Tbk","Industrials","stockanalysis:company"
"BIPP","PT Bhuwanatala Indah Permai Tbk","Real Estate","stockanalysis:company"
"BIRD","PT Blue Bird Tbk","Industrials","stockanalysis:company"
"BISI","PT BISI International Tbk","Materials","stockanalysis:company"
"BJBR","PT Bank Pembangunan Daerah Jawa Barat dan Banten Tbk","Financials","stockanalysis:company"
"BJTM","PT Bank Pembangunan Daerah Jawa Timur Tbk","Financials","stockanalysis:company"
"BKDP","PT Bukit Darmo Property Tbk","Real Estate","stockanalysis:company"
"BKSL","PT Sentul City Tbk","Real Estate","stockanalysis:company"
"BKSW","PT Bank QNB Indonesia Tbk","Financials","stockanalysis:company"
"BLES","PT Superior Prima Sukses Tbk","Materials","stockanalysis:company"
"BLOG","PT Trimitra Trans Persada Tbk","Industrials","stockanalysis:company"
"BLTA","PT Berlian Laju Tanker Tbk","Industrials","stockanalysis:company"
"BLTZ","PT Graha Layar Prima Tbk","Communication Services","stockanalysis:company"
"BLUE","PT Berkah Prima Perkasa Tbk","Technology","stockanalysis:company"
"BMAS","PT Bank Maspion Indonesia Tbk","Financials","stockanalysis:company"
"BMBL","PT Lavender Bina Cendikia Tbk","Consumer Staples","stockanalysis:company"
"BMHS","PT Bundamedik Tbk","Healthcare","stockanalysis:company"
"BMRI","PT Bank Mandiri (Persero) Tbk","Financials","stockanalysis:company"
"BMSR","PT Bintang Mitra Semestaraya Tbk","Materials","stockanalysis:company"
"BMTR","PT Global Mediacom Tbk","Communication Services","stockanalysis:company"
"BNBA","PT Bank Bumi Arta Tbk","Financials","stockanalysis:company"
"BNBR","PT Bakrie & Brothers Tbk","Industrials","stockanalysis:company"
"BNGA","PT Bank CIMB Niaga Tbk","Financials","stockanalysis:company"
"BNII","PT Bank Maybank Indonesia Tbk","Financials","stockanalysis:company"
"BNLI","PT Bank Permata Tbk","Financials","stockanalysis:company"
"BOAT","PT Newport Marine Services TBK","Energy","stockanalysis:company"
"BOBA","PT Formosa Ingredient Factory Tbk","Consumer Staples","stockanalysis:company"
"BOGA","PT Apollo Global Interactive Tbk","Consumer Discretionary","stockanalysis:company"
"BOLA","PT Bali Bintang Sejahtera Tbk","Communication Services","stockanalysis:company"
"BOLT","PT Garuda Metalindo Tbk","Industrials","stockanalysis:company"
"BPFI","PT Woori Finance Indonesia Tbk","Financials","stockanalysis:company"
"BPII","PT Batavia Prosperindo Internasional Tbk","Financials","stockanalysis:company"
"BPTR","PT Batavia Prosperindo Trans Tbk","Industrials","stockanalysis:company"
"BRAM","PT Indo Kordsa Tbk","Consumer Discretionary","stockanalysis:company"
"BREN","PT Barito Renewables Energy Tbk","Utilities","stockanalysis:company"
"BRIS","PT Bank Syariah Indonesia Tbk","Financials","stockanalysis:company"
"BRMS","PT Bumi Resources Minerals Tbk","Materials","stockanalysis:company"
"BRNA","PT Berlina Tbk","Consumer Discretionary","stockanalysis:company"
"BRPT","PT Barito Pacific Tbk","Materials","stockanalysis:company"
"BRRC","PT Raja Roti Cemerlang Tbk","Consumer Staples","stockanalysis:company"
"BSBK","PT Wulandari Bangun Laksana Tbk","Real Estate","stockanalysis:company"
"BSDE","PT Bumi Serpong Damai Tbk","Real Estate","stockanalysis:company"
"BSIM","PT Bank Sinarmas Tbk","Financials","stockanalysis:company"
"BSML","PT Bintang Samudera Mandiri Lines Tbk","Industrials","stockanalysis:company"
"BSSR","PT Baramulti Suksessarana Tbk","Energy","stockanalysis:company"
"BSWD","PT Bank of India Indonesia Tbk","Financials","stockanalysis:company"
"BTEK","PT Bumi Teknokultura Unggul Tbk","Consumer Staples","stockanalysis:company"
"BTON","PT Betonjaya Manunggal Tbk","Materials","stockanalysis:company"
"BTPN","PT Bank SMBC Indonesia Tbk","Financials","stockanalysis:company"
"BTPS","PT Bank BTPN Syariah Tbk","Financials","stockanalysis:company"
"BUAH","PT Segar Kumala Indonesia Tbk","Consumer Staples","stockanalysis:company"
"BUDI","PT Budi Starch & Sweetener Tbk","Consumer Staples","stockanalysis:company"
"BUKA","PT Bukalapak.com Tbk.","Consumer Discretionary","stockanalysis:company"
"BUKK","PT Bukaka Teknik Utama Tbk.","Industrials","stockanalysis:company"
"BULL","PT Buana Lintas Lautan Tbk","Industrials","stockanalysis:company"
"BUMI","PT Bumi Resources Tbk","Energy","stockanalysis:company"
"BUVA","PT Bukit Uluwatu Villa Tbk","Consumer Discretionary","stockanalysis:company"
"BVIC","PT Bank Victoria International Tbk","Financials","stockanalysis:company"
"BWPT","PT Eagle High Plantations Tbk","Consumer Staples","stockanalysis:company"
"BYAN","PT Bayan Resources Tbk.","Energy","stockanalysis:company"
"CAKK","PT Cahayaputra Asa Keramik Tbk","Industrials","stockanalysis:company"
"CAMP","PT Campina Ice Cream Industry, Tbk.","Consumer Staples","stockanalysis:company"
"CANI","PT Capitol Nusantara Indonesia Tbk","Industrials","stockanalysis:company"
"CARE","PT Metro Healthcare Indonesia Tbk","Healthcare","stockanalysis:company"
"CARS","PT Industri dan Perdagangan Bintraco Dharma Tbk","Consumer Discretionary","stockanalysis:company"
"CASA","PT Capital Financial Indonesia Tbk","Financials","stockanalysis:company"
"CASH","PT Cashlez Worldwide Indonesia Tbk","Industrials","stockanalysis:company"
"CASS","PT Cahaya Aero Services Tbk","Industrials","stockanalysis:company"
"CBDK","PT Bangun Kosambi Sukses Tbk","Real Estate","stockanalysis:company"
"CBPE","PT Citra Buana Prasida Tbk","Real Estate","stockanalysis:company"
"CBRE","PT Cakra Buana Resources Energi Tbk","Industrials","stockanalysis:company"
"CBUT","PT Citra Borneo Utama Tbk","Consumer Staples","stockanalysis:company"
"CCSI","PT Communication Cable Systems Indonesia Tbk","Technology","stockanalysis:company"
"CDIA","PT Chandra Daya Investasi TBK.","Utilities","stockanalysis:company"
"CEKA","PT Wilmar Cahaya Indonesia Tbk.","Consumer Staples","stockanalysis:company"
"CENT","PT Centratama Telekomunikasi Indonesia Tbk","Communication Services","stockanalysis:company"
"CFIN","PT. Clipan Finance Indonesia Tbk","Financials","stockanalysis:company"
"CGAS","PT Citra Nusantara Gemilang Tbk","Energy","stockanalysis:company"
"CHEK","PT Diastika Biotekindo Tbk","Healthcare","stockanalysis:company"
"CHEM","PT Chemstar Indonesia Tbk","Materials","stockanalysis:company"
"CHIP","PT Pelita Teknologi Global Tbk","Communication Services","stockanalysis:company"
"CINT","PT Chitose Internasional Tbk","Consumer Discretionary","stockanalysis:company"
"CITA","PT Cita Mineral Investindo Tbk","Materials","stockanalysis:company"
"CITY","PT Natura City Developments Tbk","Real Estate","stockanalysis:company"
"CLAY","PT Citra Putra Realty Tbk","Consumer Discretionary","stockanalysis:company"
"CLEO","PT Sariguna Primatirta Tbk","Consumer Staples","stockanalysis:company"
"CLPI","PT Colorpak Indonesia Tbk","Materials","stockanalysis:company"
"CMNP","PT Citra Marga Nusaphala Persada Tbk","Industrials","stockanalysis:company"
"CMNT","PT Cemindo Gemilang Tbk","Materials","stockanalysis:company"
"CMPP","PT AirAsia Indonesia Tbk","Industrials","stockanalysis:company"
"CMRY","PT Cisarua Mountain Dairy Tbk","Consumer Staples","stockanalysis:company"
"CNKO","PT Exploitasi Energi Indonesia Tbk","Energy","stockanalysis:company"
"CNMA","PT Nusantara Sejahtera Raya Tbk","Communication Services","stockanalysis:company"
"COAL","PT Black Diamond Resources Tbk","Energy","stockanalysis:company"
"COCO","PT Wahana Interfood Nusantara Tbk","Consumer Staples","stockanalysis:company"
"COIN","PT Indokripto Koin Semesta Tbk","Financials","stockanalysis:company"
"CPIN","PT Charoen Pokphand Indonesia Tbk","Consumer Staples","stockanalysis:company"
"CPRO","PT Central Proteina Prima Tbk","Consumer Staples","stockanalysis:company"
"CRAB","PT Toba Surimi Industries Tbk","Consumer Staples","stockanalysis:company"
"CRSN","PT Carsurin Tbk","Industrials","stockanalysis:company"
"CSAP","PT Catur Sentosa Adiprana Tbk","Industrials","stockanalysis:company"
"CSIS","PT Cahayasakti Investindo Sukses Tbk","Real Estate","stockanalysis:company"
"CSMI","PT Cipta Selera Murni Tbk","Consumer Discretionary","stockanalysis:company"
"CSRA","PT Cisadane Sawit Raya Tbk","Consumer Staples","stockanalysis:company"
"CTBN","PT Citra Tubindo Tbk","Energy","stockanalysis:company"
"CTRA","PT Ciputra Development Tbk","Real Estate","stockanalysis:company"
"CTTH","PT Citatah Tbk","Materials","stockanalysis:company"
"CUAN","PT Petrindo Jaya Kreasi Tbk","Energy","stockanalysis:company"
"CYBR","PT ITSEC Asia Tbk","Technology","stockanalysis:company"
"DAAZ","PT Daaz Bara Lestari Tbk","Materials","stockanalysis:company"
"DADA","PT Diamond Citra Propertindo Tbk","Real Estate","stockanalysis:company"
"DART","PT Duta Anggada Realty Tbk.","Real Estate","stockanalysis:company"
"DATA","PT Remala Abadi Tbk","Communication Services","stockanalysis:company"
"DAYA","PT Duta Intidaya Tbk","Consumer Discretionary","stockanalysis:company"
"DCII","PT DCI Indonesia Tbk","Real Estate","stockanalysis:company"
"DEFI","PT Danasupra Erapacific Tbk","Financials","stockanalysis:company"
"DEPO","PT Caturkarda Depo Bangunan Tbk","Consumer Discretionary","stockanalysis:company"
"DEWA","PT Darma Henwa Tbk","Energy","stockanalysis:company"
"DEWI","PT Dewi Shri Farmindo Tbk.","Consumer Staples","stockanalysis:company"
"DFAM","PT Dafam Property Indonesia Tbk","Real Estate","stockanalysis:company"
"DGIK","PT Nusa Konstruksi Enjiniring Tbk","Industrials","stockanalysis:company"
"DGNS","PT Diagnos Laboratorium Utama Tbk","Healthcare","stockanalysis:company"
"DGWG","PT Delta Giri Wacana Tbk","Materials","stockanalysis:company"
"DIGI","PT Arkadia Digital Media Tbk","Communication Services","stockanalysis:company"
"DILD","PT Intiland Development Tbk","Real Estate","stockanalysis:company"
"DIVA","PT Distribusi Voucher Nusantara Tbk","Technology","stockanalysis:company"
"DKFT","PT Central Omega Resources Tbk","Materials","stockanalysis:company"
"DKHH","PT Cipta Sarana Medika Tbk","Healthcare","stockanalysis:company"
"DLTA","PT Delta Djakarta Tbk","Consumer Staples","stockanalysis:company"
"DMAS","PT Puradelta Lestari Tbk","Real Estate","stockanalysis:company"
"DMMX","PT Digital Mediatama Maxima Tbk","Communication Services","stockanalysis:company"
"DMND","PT Diamond Food Indonesia Tbk","Consumer Staples","stockanalysis:company"
"DNAR","PT Bank Oke Indonesia Tbk","Financials","stockanalysis:company"
"DNET","PT Indoritel Makmur Internasional Tbk.","Communication Services","stockanalysis:company"
"DOID","PT Buma Internasional Grup Tbk","Energy","stockanalysis:company"
"DOOH","PT Era Media Sejahtera Tbk","Communication Services","stockanalysis:company"
"DOSS","PT Global Sukses Digital Tbk","Consumer Discretionary","stockanalysis:company"
"DPNS","PT Duta Pertiwi Nusantara Tbk","Materials","stockanalysis:company"
"DPUM","PT Dua Putra Utama Makmur Tbk","Consumer Staples","stockanalysis:company"
"DRMA","PT Dharma Polimetal Tbk","Consumer Discretionary","stockanalysis:company"
"DSFI","PT Dharma Samudera Fishing Industries Tbk","Consumer Staples","stockanalysis:company"
"DSNG","PT Dharma Satya Nusantara Tbk","Consumer Staples","stockanalysis:company"
"DSSA","PT Dian Swastatika Sentosa Tbk","Energy","stockanalysis:company"
"DUTI","PT Duta Pertiwi Tbk","Real Estate","stockanalysis:company"
"DVLA","PT Darya-Varia Laboratoria Tbk","Healthcare","stockanalysis:company"
"DWGL","PT Dwi Guna Laksana Tbk","Energy","stockanalysis:company"
"DYAN","PT Dyandra Media International Tbk","Communication Services","stockanalysis:company"
"EAST","PT Eastparc Hotel Tbk","Consumer Discretionary","stockanalysis:company"
"ECII","PT Electronic City Indonesia Tbk","Consumer Discretionary","stockanalysis:company"
"EDGE","PT Indointernet Tbk.","Technology","stockanalysis:company"
"EKAD","PT Ekadharma International Tbk","Materials","stockanalysis:company"
"ELIT","PT Data Sinergitama Jaya Tbk","Technology","stockanalysis:company"
"ELPI","PT Pelayaran Nasional Ekalya Purnamasari Tbk","Industrials","stockanalysis:company"
"ELSA","PT Elnusa Tbk","Energy","stockanalysis:company"
"ELTY","PT Bakrieland Development Tbk","Real Estate","stockanalysis:company"
"EMAS","PT Merdeka Gold Resources Tbk","Materials","stockanalysis:company"
"EMDE","PT Megapolitan Developments Tbk","Real Estate","stockanalysis:company"
"EMTK","PT Elang Mahkota Teknologi Tbk","Communication Services","stockanalysis:company"
"ENAK","PT Champ Resto Indonesia Tbk","Consumer Discretionary","stockanalysis:company"
"ENRG","PT Energi Mega Persada Tbk","Energy","stockanalysis:company"
"ENZO","PT Morenzo Abadi Perkasa Tbk","Consumer Staples","stockanalysis:company"
"EPAC","PT Megalestari Epack Sentosaraya Tbk","Consumer Discretionary","stockanalysis:company"
"EPMT","PT Enseval Putera Megatrading Tbk.","Healthcare","stockanalysis:company"
"ERAA","PT Erajaya Swasembada Tbk","Consumer Discretionary","stockanalysis:company"
"ERAL","PT Sinar Eka Selaras Tbk","Consumer Discretionary","stockanalysis:company"
"ERTX","PT Eratex Djaja Tbk","Consumer Discretionary","stockanalysis:company"
"ESIP","PT Sinergi Inti Plastindo Tbk","Consumer Discretionary","stockanalysis:company"
"ESSA","PT ESSA Industries Indonesia Tbk.","Materials","stockanalysis:company"
"ESTA","PT Esta Multi Usaha Tbk","Consumer Discretionary","stockanalysis:company"
"ESTI","PT Ever Shine Tex Tbk","Consumer Discretionary","stockanalysis:company"
"EURO","PT Estee Gold Feet Tbk","Consumer Staples","stockanalysis:company"
"EXCL","PT XLSMART Telecom Sejahtera Tbk","Communication Services","stockanalysis:company"
"FAPA","PT FAP Agri Tbk","Consumer Staples","stockanalysis:company"
"FAST","PT Fast Food Indonesia Tbk","Consumer Discretionary","stockanalysis:company"
"FASW","PT Fajar Surya Wisesa Tbk","Consumer Discretionary","stockanalysis:company"
"FILM","PT.MD Entertainment Tbk","Communication Services","stockanalysis:company"
"FIMP","PT Fimperkasa Utama Tbk","Industrials","stockanalysis:company"
"FIRE","PT Alfa Energi Investama Tbk","Energy","stockanalysis:company"
"FISH","PT FKS Multi Agro Tbk","Consumer Staples","stockanalysis:company"
"FITT","PT Hotel Fitra International Tbk","Consumer Discretionary","stockanalysis:company"
"FLMC","PT Falmaco Nonwoven Industri Tbk","Consumer Staples","stockanalysis:company"
"FMII","PT Fortune Mate Indonesia Tbk","Real Estate","stockanalysis:company"
"FOLK","PT Multi Garam Utama Tbk","Consumer Discretionary","stockanalysis:company"
"FOOD","PT Sentra Food Indonesia Tbk","Consumer Staples","stockanalysis:company"
"FORE","PT Fore Kopi Indonesia Tbk","Consumer Discretionary","stockanalysis:company"
"FORU","PT Fortune Indonesia Tbk","Communication Services","stockanalysis:company"
"FPNI","PT Lotte Chemical Titan Tbk","Materials","stockanalysis:company"
"FUJI","PT Fuji Finance Indonesia Tbk","Financials","stockanalysis:company"
"FUTR","PT Lini Imaji Kreasi Ekosistem Tbk","Utilities","stockanalysis:company"
"FWCT","PT Wijaya Cahaya Timber Tbk","Materials","stockanalysis:company"
"GDST","PT Gunawan Dianjaya Steel Tbk","Materials","stockanalysis:company"
"GDYR","PT Goodyear Indonesia Tbk","Consumer Discretionary","stockanalysis:company"
"GEMA","PT Gema Grahasarana Tbk","Consumer Discretionary","stockanalysis:company"
"GEMS","PT Golden Energy Mines Tbk","Energy","stockanalysis:company"
"GGRM","PT Gudang Garam Tbk","Consumer Staples","stockanalysis:company"
"GGRP","PT Gunung Raja Paksi Tbk","Materials","stockanalysis:company"
"GHON","PT Gihon Telekomunikasi Indonesia Tbk","Communication Services","stockanalysis:company"
"GIAA","PT. Garuda Indonesia (Persero) Tbk","Industrials","stockanalysis:company"
"GJTL","PT. Gajah Tunggal Tbk","Consumer Discretionary","stockanalysis:company"
"GLOB","PT Globe Kita Terang Tbk","Consumer Discretionary","stockanalysis:company"
"GLVA","PT Galva Technologies Tbk","Technology","stockanalysis:company"
"GMFI","PT Garuda Maintenance Facility Aero Asia Tbk","Industrials","stockanalysis:company"
"GMTD","PT Gowa Makassar Tourism Development Tbk","Real Estate","stockanalysis:company"
"GOLD","PT Visi Telekomunikasi Infrastruktur Tbk","Communication Services","stockanalysis:company"
"GOLF","PT Intra Golflink Resorts Tbk","Consumer Discretionary","stockanalysis:company"
"GOOD","PT Garudafood Putra Putri Jaya Tbk","Consumer Staples","stockanalysis:company"
"GOTO","PT GoTo Gojek Tokopedia Tbk","Technology","stockanalysis:company"
"GPRA","PT Perdana Gapuraprima Tbk","Real Estate","stockanalysis:company"
"GPSO","PT Geoprima Solusi Tbk","Technology","stockanalysis:company"
"GRIA","PT Ingria Pratama Capitalindo Tbk","Real Estate","stockanalysis:company"
"GRPH","PT Griptha Putra Persada Tbk","Consumer Discretionary","stockanalysis:company"
"GRPM","PT Graha Prima Mentari Tbk","Consumer Staples","stockanalysis:company"
"GSMF","PT Equity Development Investment Tbk","Financials","stockanalysis:company"
"GTBO","PT Garda Tujuh Buana Tbk","Energy","stockanalysis:company"
"GTRA","PT Grahaprima Suksesmandiri Tbk","Industrials","stockanalysis:company"
"GTSI","PT GTS Internasional Tbk","Industrials","stockanalysis:company"
"GULA","PT Aman Agrindo Tbk","Consumer Staples","stockanalysis:company"
"GUNA","PT Gunanusa Eramandiri Tbk","Consumer Staples","stockanalysis:company"
"GWSA","PT Greenwood Sejahtera Tbk","Real Estate","stockanalysis:company"
"GZCO","PT Gozco Plantations Tbk","Consumer Staples","stockanalysis:company"
"HADE","PT Himalaya Energi Perkasa Tbk","Consumer Discretionary","stockanalysis:company"
"HAIS","PT Hasnur Internasional Shipping Tbk","Industrials","stockanalysis:company"
"HAJJ","PT Arsy Buana Travelindo Tbk","Consumer Discretionary","stockanalysis:company"
"HALO","PT Haloni Jane Tbk","Materials","stockanalysis:company"
"HATM","PT Habco Trans Maritima Tbk","Industrials","stockanalysis:company"
"HBAT","PT Minahasa Membangun Hebat Tbk","Real Estate","stockanalysis:company"
"HDFA","PT Radana Bhaskara Finance Tbk","Financials","stockanalysis:company"
"HDIT","PT Hensel Davest Indonesia Tbk","Technology","stockanalysis:company"
"HEAL","PT Medikaloka Hermina Tbk","Healthcare","stockanalysis:company"
"HELI","PT Jaya Trishindo Tbk","Industrials","stockanalysis:company"
"HERO","PT DFI Retail Nusantara Tbk","Consumer Discretionary","stockanalysis:company"
"HEXA","PT Hexindo Adiperkasa Tbk","Industrials","stockanalysis:company"
"HGII","PT Hero Global Investment Tbk","Utilities","stockanalysis:company"
"HILL","PT Hillcon Tbk","Materials","stockanalysis:company"
"HITS","PT Humpuss Intermoda Transportasi Tbk.","Industrials","stockanalysis:company"
"HMSP","PT Hanjaya Mandala Sampoerna Tbk","Consumer Staples","stockanalysis:company"
"HOKI","PT Buyung Poetra Sembada Tbk","Consumer Staples","stockanalysis:company"
"HOMI","PT Grand House Mulia Tbk","Real Estate","stockanalysis:company"
"HOPE","PT Harapan Duta Pertiwi Tbk","Industrials","stockanalysis:company"
"HRME","PT Menteng Heritage Realty Tbk","Consumer Discretionary","stockanalysis:company"
"HRTA","PT Hartadinata Abadi Tbk","Consumer Discretionary","stockanalysis:company"
"HRUM","PT Harum Energy Tbk","Energy","stockanalysis:company"
"HUMI","PT Humpuss Maritim Internasional Tbk","Industrials","stockanalysis:company"
"HYGN","PT Ecocare Indo Pasifik Tbk","Industrials","stockanalysis:company"
"IATA","PT MNC Energy Investments Tbk","Energy","stockanalysis:company"
"IBFN","PT Intan Baru Prana Tbk","Financials","stockanalysis:company"
"IBOS","PT Indo Boga Sukses Tbk","Consumer Discretionary","stockanalysis:company"
"IBST","PT Inti Bangun Sejahtera Tbk","Communication Services","stockanalysis:company"
"ICBP","PT Indofood CBP Sukses Makmur Tbk","Consumer Staples","stockanalysis:company"
"ICON","PT Island Concepts Indonesia Tbk","Energy","stockanalysis:company"
"IDEA","PT Idea Indonesia Akademi Tbk","Consumer Staples","stockanalysis:company"
"IDPR","PT Indonesia Pondasi Raya Tbk","Industrials","stockanalysis:company"
"IFII","PT Indonesia Fibreboard Industry Tbk","Materials","stockanalysis:company"
"IFSH","PT Ifishdeco Tbk","Materials","stockanalysis:company"
"IGAR","PT Champion Pacific Indonesia Tbk","Consumer Discretionary","stockanalysis:company"
"IKAI","PT Intikeramik Alamasri Industri Tbk","Industrials","stockanalysis:company"
"IKAN","PT Era Mandiri Cemerlang Tbk","Consumer Staples","stockanalysis:company"
"IKBI","PT Sumi Indo Kabel Tbk","Industrials","stockanalysis:company"
"IKPM","PT Ikapharmindo Putramas Tbk","Healthcare","stockanalysis:company"
"IMAS","PT Indomobil Sukses Internasional Tbk","Consumer Discretionary","stockanalysis:company"
"IMJS","PT Indomobil Multi Jasa Tbk","Industrials","stockanalysis:company"
"IMPC","PT Impack Pratama Industri Tbk","Industrials","stockanalysis:company"
"INAF","PT Indofarma Tbk","Healthcare","stockanalysis:company"
"INAI","PT Indal Aluminium Industry Tbk","Materials","stockanalysis:company"
"INCF","PT Indo Komoditi Korpora Tbk","Materials","stockanalysis:company"
"INCI","PT Intanwijaya Internasional Tbk","Materials","stockanalysis:company"
"INCO","PT Vale Indonesia Tbk","Materials","stockanalysis:company"
"INDF","PT Indofood Sukses Makmur Tbk","Consumer Staples","stockanalysis:company"
"INDO","PT Royalindo Investa Wijaya Tbk","Consumer Discretionary","stockanalysis:company"
"INDR","PT. Indo-Rama Synthetics Tbk","Consumer Discretionary","stockanalysis:company"
"INDS","PT Indospring Tbk","Consumer Discretionary","stockanalysis:company"
"INDX","PT Tanah Laut Tbk","Industrials","stockanalysis:company"
"INDY","PT. Indika Energy Tbk","Energy","stockanalysis:company"
"INET","PT Sinergi Inti Andalan Prima Tbk","Communication Services","stockanalysis:company"
"INKP","PT Indah Kiat Pulp & Paper Tbk","Materials","stockanalysis:company"
"INOV","PT Inocycle Technology Group Tbk","Industrials","stockanalysis:company"
"INPC","PT Bank Artha Graha Internasional Tbk","Financials","stockanalysis:company"
"INPP","PT Indonesian Paradise Property Tbk","Real Estate","stockanalysis:company"
"INPS","PT Indah Prakasa Sentosa Tbk","Industrials","stockanalysis:company"
"INRU","PT Toba Pulp Lestari Tbk","Materials","stockanalysis:company"
"INTA","PT Intraco Penta Tbk","Industrials","stockanalysis:company"
"INTD","PT Inter Delta Tbk","Materials","stockanalysis:company"
"INTP","PT Indocement Tunggal Prakarsa Tbk","Materials","stockanalysis:company"
"IOTF","PT Sumber Sinergi Makmur Tbk","Technology","stockanalysis:company"
"IPAC","PT Era Graharealty Tbk","Real Estate","stockanalysis:company"
"IPCC","PT Indonesia Kendaraan Terminal Tbk","Industrials","stockanalysis:company"
"IPCM","PT Jasa Armada Indonesia Tbk","Industrials","stockanalysis:company"
"IPOL","PT Indopoly Swakarsa Industry Tbk","Consumer Discretionary","stockanalysis:company"
"IPPE","PT Indo Pureco Pratama Tbk","Consumer Staples","stockanalysis:company"
"IPTV","PT MNC Vision Networks Tbk","Communication Services","stockanalysis:company"
"IRRA","PT Itama Ranoraya Tbk","Healthcare","stockanalysis:company"
"IRSX","PT Folago Global Nusantara Tbk","Technology","stockanalysis:company"
"ISAP","PT Isra Presisi Indonesia Tbk","Industrials","stockanalysis:company"
"ISAT","PT Indosat Ooredoo Hutchison Tbk","Communication Services","stockanalysis:company"
"ISEA","PT Indo American Seafoods Tbk","Consumer Staples","stockanalysis:company"
"ISSP","PT Steel Pipe Industry of Indonesia Tbk","Materials","stockanalysis:company"
"ITIC","PT Indonesian Tobacco Tbk","Consumer Staples","stockanalysis:company"
"ITMA","PT Sumber Energi Andalan Tbk","Materials","stockanalysis:company"
"ITMG","PT Indo Tambangraya Megah Tbk","Energy","stockanalysis:company"
"JARR","PT Jhonlin Agro Raya Tbk","Consumer Staples","stockanalysis:company"
"JAST","PT. Jasnita Telekomindo Tbk","Communication Services","stockanalysis:company"
"JATI","PT Informasi Teknologi Indonesia Tbk","Technology","stockanalysis:company"
"JAWA","PT Jaya Agra Wattie Tbk","Consumer Staples","stockanalysis:company"
"JAYA","PT Armada Berjaya Trans Tbk","Industrials","stockanalysis:company"
"JECC","PT Jembo Cable Company Tbk","Industrials","stockanalysis:company"
"JGLE","PT Graha Andrasentra Propertindo Tbk","Consumer Discretionary","stockanalysis:company"
"JIHD","PT Jakarta International Hotels & Development Tbk","Consumer Discretionary","stockanalysis:company"
"JKON","PT Jaya Konstruksi Manggala Pratama Tbk","Industrials","stockanalysis:company"
"JMAS","PT Asuransi Jiwa Syariah Jasa Mitra Abadi Tbk","Financials","stockanalysis:company"
"JPFA","PT Japfa Comfeed Indonesia Tbk","Consumer Staples","stockanalysis:company"
"JRPT","PT Jaya Real Property, Tbk.","Real Estate","stockanalysis:company"
"JSMR","PT Jasa Marga (Persero) Tbk","Industrials","stockanalysis:company"
"JSPT","PT Jakarta Setiabudi Internasional Tbk","Real Estate","stockanalysis:company"
"JTPE","PT Jasuindo Tiga Perkasa Tbk","Industrials","stockanalysis:company"
"KAEF","PT Kimia Farma Tbk","Healthcare","stockanalysis:company"
"KAQI","PT Jantra Grupo Indonesia Tbk","Consumer Discretionary","stockanalysis:company"
"KARW","PT Meratus Jasa Prima Tbk","Industrials","stockanalysis:company"
"KBAG","PT Karya Bersama Anugerah Tbk","Consumer Discretionary","stockanalysis:company"
"KBLI","PT KMI Wire and Cable Tbk","Industrials","stockanalysis:company"
"KBLM","PT Kabelindo Murni Tbk","Industrials","stockanalysis:company"
"KBLV","PT First Media Tbk","Communication Services","stockanalysis:company"
"KDSI","PT Kedawung Setia Industrial Tbk","Consumer Discretionary","stockanalysis:company"
"KDTN","PT Puri Sentul Permai Tbk","Consumer Discretionary","stockanalysis:company"
"KEEN","PT Kencana Energi Lestari Tbk","Utilities","stockanalysis:company"
"KEJU","PT Mulia Boga Raya Tbk","Consumer Staples","stockanalysis:company"
"KETR","PT Ketrosden Triasmitra","Technology","stockanalysis:company"
"KIAS","PT Keramika Indonesia Assosiasi Tbk","Industrials","stockanalysis:company"
"KICI","PT Kedaung Indah Can Tbk","Consumer Discretionary","stockanalysis:company"
"KIJA","PT Kawasan Industri Jababeka Tbk","Real Estate","stockanalysis:company"
"KING","PT Hoffmen Cleanindo Tbk","Industrials","stockanalysis:company"
"KINO","PT Kino Indonesia Tbk","Consumer Staples","stockanalysis:company"
"KIOS","PT Kioson Komersial Indonesia Tbk","Technology","stockanalysis:company"
"KJEN","PT Krida Jaringan Nusantara Tbk","Industrials","stockanalysis:company"
"KKES","PT Kusuma Kemindo Sentosa Tbk","Materials","stockanalysis:company"
"KKGI","PT Resource Alam Indonesia Tbk","Energy","stockanalysis:company"
"KLAS","PT Pelayaran Kurnia Lautan Semesta Tbk","Industrials","stockanalysis:company"
"KLBF","PT Kalbe Farma Tbk.","Healthcare","stockanalysis:company"
"KLIN","PT Klinko Karya Imaji Tbk","Consumer Discretionary","stockanalysis:company"
"KMDS","PT Kurniamitra Duta Sentosa, Tbk","Consumer Staples","stockanalysis:company"
"KMTR","PT Kirana Megatara Tbk","Consumer Discretionary","stockanalysis:company"
"KOBX","PT Kobexindo Tractors Tbk","Industrials","stockanalysis:company"
"KOCI","PT Kokoh Exa Nusantara Tbk","Real Estate","stockanalysis:company"
"KOIN","PT Kokoh Inti Arebama Tbk","Industrials","stockanalysis:company"
"KOKA","PT Koka Indonesia Tbk","Industrials","stockanalysis:company"
"KONI","PT Perdana Bangun Pusaka Tbk","Consumer Discretionary","stockanalysis:company"
"KOPI","PT Mitra Energi Persada Tbk","Energy","stockanalysis:company"
"KOTA","PT DMS Propertindo Tbk","Real Estate","stockanalysis:company"
"KPIG","PT MNC Tourism Indonesia Tbk","Real Estate","stockanalysis:company"
"KRAS","PT Krakatau Steel (Persero) Tbk","Materials","stockanalysis:company"
"KREN","PT Quantum Clovera Investama Tbk","Financials","stockanalysis:company"
"KRYA","PT Bangun Karya Perkasa Jaya Tbk","Industrials","stockanalysis:company"
"KSIX","PT Kentanix Supra International Tbk","Real Estate","stockanalysis:company"
"KUAS","PT Ace Oldfields Tbk","Industrials","stockanalysis:company"
"LABA","PT Green Power Group Tbk","Materials","stockanalysis:company"
"LABS","PT UBC Medical Indonesia Tbk","Healthcare","stockanalysis:company"
"LAJU","PT Jasa Berdikari Logistics Tbk","Industrials","stockanalysis:company"
"LAND","PT Trimitra Propertindo Tbk","Real Estate","stockanalysis:company"
"LAPD","PT Leyand International Tbk","Utilities","stockanalysis:company"
"LCKM","PT LCK Global Kedaton Tbk","Communication Services","stockanalysis:company"
"LEAD","PT Logindo Samudramakmur Tbk.","Industrials","stockanalysis:company"
"LFLO","PT Imago Mulia Persada Tbk","Consumer Discretionary","stockanalysis:company"
"LIFE","PT MSIG Life Insurance Indonesia Tbk","Financials","stockanalysis:company"
"LINK","PT Link Net Tbk","Communication Services","stockanalysis:company"
"LION","PT Lion Metal Works Tbk","Industrials","stockanalysis:company"
"LIVE","PT Homeco Victoria Makmur Tbk","Consumer Discretionary","stockanalysis:company"
"LMAX","PT Lupromax Pelumas Indonesia Tbk","Energy","stockanalysis:company"
"LMPI","PT Langgeng Makmur Industri Tbk","Consumer Discretionary","stockanalysis:company"
"LMSH","PT Lionmesh Prima Tbk","Industrials","stockanalysis:company"
"LOPI","PT Logisticsplus International Tbk","Industrials","stockanalysis:company"
"LPCK","PT Lippo Cikarang Tbk","Real Estate","stockanalysis:company"
"LPGI","PT Lippo General Insurance Tbk","Financials","stockanalysis:company"
"LPIN","PT Multi Prima Sejahtera Tbk","Consumer Discretionary","stockanalysis:company"
"LPKR","PT Lippo Karawaci Tbk","Healthcare","stockanalysis:company"
"LPLI","PT Star Pacific Tbk","Real Estate","stockanalysis:company"
"LPPF","PT MDS Retailing Tbk","Consumer Discretionary","stockanalysis:company"
"LPPS","PT Lenox Pasifik Investama Tbk","Financials","stockanalysis:company"
"LRNA","PT Eka Sari Lorena Transport Tbk","Industrials","stockanalysis:company"
"LSIP","PT Perusahaan Perkebunan London Sumatra Indonesia Tbk","Consumer Staples","stockanalysis:company"
"LTLS","PT Lautan Luas Tbk","Materials","stockanalysis:company"
"LUCK","PT Sentral Mitra Informatika Tbk","Technology","stockanalysis:company"
"LUCY","PT Lima Dua Lima Tiga Tbk","Consumer Discretionary","stockanalysis:company"
"MAHA","PT Mandiri Herindo Adiperkasa Tbk","Industrials","stockanalysis:company"
"MAIN","PT Malindo Feedmill Tbk","Consumer Staples","stockanalysis:company"
"MANG","PT Manggung Polahraya Tbk","Industrials","stockanalysis:company"
"MAPA","PT Map Aktif Adiperkasa Tbk","Consumer Discretionary","stockanalysis:company"
"MAPB","PT Map Boga Adiperkasa Tbk","Consumer Discretionary","stockanalysis:company"
"MAPI","PT. Mitra Adiperkasa Tbk","Consumer Discretionary","stockanalysis:company"
"MARI","PT Mahaka Radio Integra Tbk","Communication Services","stockanalysis:company"
"MARK","PT Mark Dynamics Indonesia Tbk","Healthcare","stockanalysis:company"
"MASB","PT Bank Multiarta Sentosa Tbk","Financials","stockanalysis:company"
"MAXI","PT Maxindo Karya Anugerah Tbk","Consumer Staples","stockanalysis:company"
"MAYA","PT Bank Mayapada Internasional Tbk","Financials","stockanalysis:company"
"MBAP","PT Mitrabara Adiperdana Tbk","Energy","stockanalysis:company"
"MBMA","PT Merdeka Battery Materials Tbk.","Materials","stockanalysis:company"
"MBSS","PT Mitrabahtera Segara Sejati Tbk","Industrials","stockanalysis:company"
"MBTO","PT Martina Berto Tbk","Consumer Staples","stockanalysis:company"
"MCAS","PT M Cash Integrasi Tbk","Industrials","stockanalysis:company"
"MCOL","PT Prima Andalan Mandiri Tbk","Energy","stockanalysis:company"
"MCOR","PT Bank China Construction Bank Indonesia Tbk","Financials","stockanalysis:company"
"MDIA","PT Intermedia Capital Tbk","Communication Services","stockanalysis:company"
"MDIY","PT Daya Intiguna Yasa Tbk","Consumer Discretionary","stockanalysis:company"
"MDKA","PT Merdeka Copper Gold Tbk","Materials","stockanalysis:company"
"MDKI","PT Emdeki Utama Tbk","Materials","stockanalysis:company"
"MDLA","PT Medela Potentia Tbk","Healthcare","stockanalysis:company"
"MDLN","PT Modernland Realty Tbk","Real Estate","stockanalysis:company"
"MDRN","PT Modern Internasional Tbk","Industrials","stockanalysis:company"
"MEDC","PT Medco Energi Internasional Tbk","Energy","stockanalysis:company"
"MEDS","PT Hetzer Medical Indonesia Tbk","Healthcare","stockanalysis:company"
"MEGA","PT Bank Mega Tbk","Financials","stockanalysis:company"
"MEJA","PT Harta Djaya Karya Tbk","Industrials","stockanalysis:company"
"MENN","PT Menn Teknologi Indonesia Tbk","Industrials","stockanalysis:company"
"MERI","PT Merry Riana Edukasi Tbk","Consumer Staples","stockanalysis:company"
"MERK","PT Merck Tbk","Healthcare","stockanalysis:company"
"MFMI","PT Multifiling Mitra Indonesia Tbk","Industrials","stockanalysis:company"
"MGLV","PT Panca Anugrah Wisesa Tbk","Consumer Discretionary","stockanalysis:company"
"MGNA","PT Magna Investama Mandiri Tbk","Financials","stockanalysis:company"
"MGRO","PT Mahkota Group Tbk","Consumer Staples","stockanalysis:company"
"MHKI","PT Multi Hanna Kreasindo Tbk","Industrials","stockanalysis:company"
"MICE","PT Multi Indocitra Tbk","Consumer Staples","stockanalysis:company"
"MIDI","PT Midi Utama Indonesia Tbk","Consumer Staples","stockanalysis:company"
"MIKA","PT Mitra Keluarga Karyasehat Tbk","Healthcare","stockanalysis:company"
"MINA","PT Sanurhasta Mitra Tbk","Consumer Discretionary","stockanalysis:company"
"MINE","PT SINAR TERANG MANDIRI Tbk","Materials","stockanalysis:company"
"MIRA","PT Mitra International Resources Tbk","Energy","stockanalysis:company"
"MITI","PT Mitra Investindo Tbk","Industrials","stockanalysis:company"
"MKAP","PT Multikarya Asia Pasifik Raya Tbk","Energy","stockanalysis:company"
"MKNT","PT Mitra Komunikasi Nusantara Tbk","Technology","stockanalysis:company"
"MKPI","PT Metropolitan Kentjana Tbk","Real Estate","stockanalysis:company"
"MKTR","PT Menthobi Karyatama Raya Tbk","Consumer Staples","stockanalysis:company"
"MLBI","PT Multi Bintang Indonesia Tbk","Consumer Staples","stockanalysis:company"
"MLIA","PT Mulia Industrindo Tbk","Industrials","stockanalysis:company"
"MLPL","PT Multipolar Tbk","Consumer Discretionary","stockanalysis:company"
"MLPT","PT Multipolar Technology Tbk","Technology","stockanalysis:company"
"MMIX","PT Multi Medika Internasional Tbk","Healthcare","stockanalysis:company"
"MMLP","PT Mega Manunggal Property Tbk","Real Estate","stockanalysis:company"
"MNCN","PT. Media Nusantara Citra Tbk","Communication Services","stockanalysis:company"
"MOLI","PT Madusari Murni Indah Tbk","Materials","stockanalysis:company"
"MORA","PT Mora Telematika Indonesia Tbk","Communication Services","stockanalysis:company"
"MPIX","PT Mitra Pedagang Indonesia Tbk","Technology","stockanalysis:company"
"MPMX","PT Mitra Pinasthika Mustika Tbk","Consumer Discretionary","stockanalysis:company"
"MPOW","PT Megapower Makmur Tbk","Utilities","stockanalysis:company"
"MPPA","PT Matahari Putra Prima Tbk","Consumer Discretionary","stockanalysis:company"
"MPRO","PT Maha Properti Indonesia Tbk","Real Estate","stockanalysis:company"
"MPXL","PT MPX Logistics International Tbk","Industrials","stockanalysis:company"
"MRAT","PT Mustika Ratu Tbk","Consumer Staples","stockanalysis:company"
"MREI","PT Maskapai Reasuransi Indonesia Tbk","Financials","stockanalysis:company"
"MSIE","PT Multisarana Intan Eduka Tbk","Real Estate","stockanalysis:company"
"MSIN","PT MNC Digital Entertainment Tbk","Communication Services","stockanalysis:company"
"MSJA","PT Multi Spunindo Jaya Tbk","Consumer Discretionary","stockanalysis:company"
"MSKY","PT MNC Sky Vision Tbk","Communication Services","stockanalysis:company"
"MSTI","PT Mastersystem Infotama Tbk","Technology","stockanalysis:company"
"MTDL","PT Metrodata Electronics Tbk","Technology","stockanalysis:company"
"MTEL","PT Dayamitra Telekomunikasi Tbk.","Communication Services","stockanalysis:company"
"MTFN","PT Capitalinc Investment Tbk","Energy","stockanalysis:company"
"MTLA","PT Metropolitan Land Tbk","Real Estate","stockanalysis:company"
"MTMH","PT Murni Sadar Tbk","Healthcare","stockanalysis:company"
"MTPS","PT Meta Epsi Tbk.","Industrials","stockanalysis:company"
"MTSM","PT Metro Realty Tbk","Real Estate","stockanalysis:company"
"MTWI","PT Malacca Trust Wuwungan Insurance Tbk","Financials","stockanalysis:company"
"MUTU","PT Mutuagung Lestari Tbk","Industrials","stockanalysis:company"
"MYOH","PT Samindo Resources Tbk","Energy","stockanalysis:company"
"MYOR","PT Mayora Indah Tbk","Consumer Staples","stockanalysis:company"
"MYTX","PT Asia Pacific Investama Tbk","Consumer Discretionary","stockanalysis:company"
"NAIK","PT Adiwarna Anugerah Abadi Tbk","Materials","stockanalysis:company"
"NANO","PT Nanotech Indonesia Global Tbk","Healthcare","stockanalysis:company"
"NASA","PT Andalan Perkasa Abadi Tbk","Real Estate","stockanalysis:company"
"NASI","PT Wahana Inti Makmur Tbk","Consumer Staples","stockanalysis:company"
"NATO","PT Surya Permata Andalan Tbk","Consumer Discretionary","stockanalysis:company"
"NAYZ","PT Hassana Boga Sejahtera Tbk","Consumer Staples","stockanalysis:company"
"NCKL","PT Trimegah Bangun Persada Tbk","Materials","stockanalysis:company"
"NELY","PT Pelayaran Nelly Dwi Putri Tbk","Industrials","stockanalysis:company"
"NEST","PT Esta Indonesia Tbk","Consumer Staples","stockanalysis:company"
"NETV","PT MDTV Media Technologies Tbk","Communication Services","stockanalysis:company"
"NFCX","PT NFC Indonesia Tbk","Communication Services","stockanalysis:company"
"NICE","PT Adhi Kartiko Pratama Tbk","Materials","stockanalysis:company"
"NICK","PT Charnic Capital Tbk","Real Estate","stockanalysis:company"
"NICL","PT PAM Mineral Tbk","Materials","stockanalysis:company"
"NIKL","PT Pelat Timah Nusantara Tbk","Industrials","stockanalysis:company"
"NINE","PT Techno9 Indonesia Tbk","Technology","stockanalysis:company"
"NIRO","PT City Retail Developments Tbk","Real Estate","stockanalysis:company"
"NISP","PT Bank OCBC NISP Tbk","Financials","stockanalysis:company"
"NOBU","PT Bank Nationalnobu Tbk","Financials","stockanalysis:company"
"NPGF","PT Nusa Palapa Gemilang Tbk","Materials","stockanalysis:company"
"NRCA","PT Nusa Raya Cipta Tbk","Industrials","stockanalysis:company"
"NSSS","PT Nusantara Sawit Sejahtera Tbk","Consumer Staples","stockanalysis:company"
"NTBK","PT Nusatama Berkah Tbk","Industrials","stockanalysis:company"
"NZIA","PT Nusantara Almazia Tbk","Real Estate","stockanalysis:company"
"OASA","PT Maharaksa Biru Energi Tbk","Utilities","stockanalysis:company"
"OBAT","PT Brigit Biofarmaka Technologi Tbk","Consumer Staples","stockanalysis:company"
"OBMD","PT OBM Drilchem Tbk","Materials","stockanalysis:company"
"OILS","PT Indo Oil Perkasa Tbk","Consumer Staples","stockanalysis:company"
"OKAS","PT Ancora Indonesia Resources Tbk","Materials","stockanalysis:company"
"OLIV","PT Oscar Mitra Sukses Sejahtera Tbk","Consumer Discretionary","stockanalysis:company"
"OMED","PT Jayamas Medica Industri Tbk","Healthcare","stockanalysis:company"
"OMRE","PT Indonesia Prima Property Tbk","Real Estate","stockanalysis:company"
"OPMS","PT Optima Prima Metal Sinergi Tbk","Industrials","stockanalysis:company"
"PACK","PT Abadi Nusantara Hijau Investama Tbk","Consumer Discretionary","stockanalysis:company"
"PADA","PT Personel Alih Daya Tbk","Industrials","stockanalysis:company"
"PADI","PT Minna Padi Investama Sekuritas Tbk","Financials","stockanalysis:company"
"PALM","PT Provident Investasi Bersama Tbk","Financials","stockanalysis:company"
"PAMG","PT Bima Sakti Pertiwi Tbk","Real Estate","stockanalysis:company"
"PANI","PT Pantai Indah Kapuk Dua Tbk","Real Estate","stockanalysis:company"
"PANR","PT Panorama Sentrawisata Tbk","Consumer Discretionary","stockanalysis:company"
"PANS","PT Panin Sekuritas Tbk","Financials","stockanalysis:company"
"PART","PT Cipta Perdana Lancar Tbk","Consumer Discretionary","stockanalysis:company"
"PBID","PT Panca Budi Idaman Tbk","Consumer Discretionary","stockanalysis:company"
"PBRX","PT Pan Brothers Tbk","Consumer Discretionary","stockanalysis:company"
"PBSA","PT Paramita Bangun Sarana Tbk","Industrials","stockanalysis:company"
"PCAR","PT Prima Cakrawala Abadi Tbk","Consumer Staples","stockanalysis:company"
"PDES","PT Destinasi Tirta Nusantara Tbk","Consumer Discretionary","stockanalysis:company"
"PDPP","PT Primadaya Plastisindo Tbk","Consumer Discretionary","stockanalysis:company"
"PEGE","PT Panca Global Kapital Tbk","Financials","stockanalysis:company"
"PEHA","PT Phapros Tbk","Healthcare","stockanalysis:company"
"PEVE","PT. Penta Valent Tbk","Healthcare","stockanalysis:company"
"PGAS","PT Perusahaan Gas Negara (Persero) Tbk","Utilities","stockanalysis:company"
"PGEO","PT Pertamina Geothermal Energy Tbk","Utilities","stockanalysis:company"
"PGJO","PT Bahtera Bumi Raya Tbk","Consumer Discretionary","stockanalysis:company"
"PGLI","PT Pembangunan Graha Lestari Indah Tbk","Consumer Discretionary","stockanalysis:company"
"PGUN","PT Pradiksi Gunatama Tbk","Consumer Staples","stockanalysis:company"
"PICO","PT Pelangi Indah Canindo Tbk","Consumer Discretionary","stockanalysis:company"
"PIPA","PT. Multi Makmur Lemindo","Industrials","stockanalysis:company"
"PJAA","PT Pembangunan Jaya Ancol Tbk","Consumer Discretionary","stockanalysis:company"
"PJHB","PT Pelayaran Jaya Hidup Baru TBK","Industrials","stockanalysis:company"
"PKPK","PT Paragon Karya Perkasa Tbk","Industrials","stockanalysis:company"
"PLAN","PT Planet Properindo Jaya Tbk","Consumer Discretionary","stockanalysis:company"
"PLIN","PT Plaza Indonesia Realty Tbk","Real Estate","stockanalysis:company"
"PMJS","PT Putra Mandiri Jembar Tbk","Consumer Discretionary","stockanalysis:company"
"PMMP","PT Panca Mitra Multiperdana Tbk","Consumer Staples","stockanalysis:company"
"PMUI","PT Prima Multi Usaha Indonesia Tbk","Technology","stockanalysis:company"
"PNBN","PT Bank Pan Indonesia Tbk","Financials","stockanalysis:company"
"PNBS","PT Bank Panin Dubai Syariah Tbk","Financials","stockanalysis:company"
"PNGO","PT PINAGO UTAMA Tbk","Consumer Staples","stockanalysis:company"
"PNIN","PT Paninvest Tbk","Financials","stockanalysis:company"
"PNLF","PT Panin Financial Tbk","Financials","stockanalysis:company"
"PNSE","PT Pudjiadi and Sons Tbk","Consumer Discretionary","stockanalysis:company"
"POLA","PT Pool Advista Finance Tbk","Financials","stockanalysis:company"
"POLI","PT Pollux Hotels Group Tbk","Real Estate","stockanalysis:company"
"POLU","PT Golden Flower Tbk","Consumer Discretionary","stockanalysis:company"
"POLY","PT Asia Pacific Fibers Tbk","Materials","stockanalysis:company"
"PORT","PT Nusantara Pelabuhan Handal Tbk","Industrials","stockanalysis:company"
"POWR","PT Cikarang Listrindo Tbk","Utilities","stockanalysis:company"
"PPGL","PT Prima Globalindo Logistik Tbk","Industrials","stockanalysis:company"
"PPRE","PT PP Presisi Tbk","Industrials","stockanalysis:company"
"PPRI","PT Paperocks Indonesia Tbk","Consumer Discretionary","stockanalysis:company"
"PPRO","PT Pembangunan Perumahan Properti Tbk","Real Estate","stockanalysis:company"
"PRAY","PT Famon Awal Bros Sedaya Tbk","Healthcare","stockanalysis:company"
"PRDA","PT Prodia Widyahusada Tbk","Healthcare","stockanalysis:company"
"PRIM","PT Royal Prima Tbk","Healthcare","stockanalysis:company"
"PSAB","PT J Resources Asia Pasifik Tbk","Materials","stockanalysis:company"
"PSAT","PT Pancaran Samudera Transport Tbk","Industrials","stockanalysis:company"
"PSDN","PT Prasidha Aneka Niaga Tbk","Consumer Staples","stockanalysis:company"
"PSGO","PT Palma Serasih Tbk","Consumer Staples","stockanalysis:company"
"PSKT","PT Red Planet Indonesia Tbk","Consumer Discretionary","stockanalysis:company"
"PSSI","PT IMC Pelita Logistik Tbk","Industrials","stockanalysis:company"
"PTBA","PT Bukit Asam (Persero) Tbk","Energy","stockanalysis:company"
"PTDU","PT Djasa Ubersakti Tbk","Industrials","stockanalysis:company"
"PTIS","PT Indo Straits Tbk","Industrials","stockanalysis:company"
"PTMP","PT Mitra Pack Tbk","Industrials","stockanalysis:company"
"PTMR","PT Master Print Tbk","Consumer Discretionary","stockanalysis:company"
"PTPP","PT PP (Persero) Tbk","Industrials","stockanalysis:company"
"PTPS","PT Pulau Subur Tbk","Consumer Staples","stockanalysis:company"
"PTPW","PT Pratama Widya Tbk","Industrials","stockanalysis:company"
"PTRO","PT Petrosea Tbk","Materials","stockanalysis:company"
"PTSN","PT Sat Nusapersada Tbk","Technology","stockanalysis:company"
"PTSP","PT Pioneerindo Gourmet International Tbk","Consumer Discretionary","stockanalysis:company"
"PUDP","PT Pudjiadi Prestige Tbk","Real Estate","stockanalysis:company"
"PURA","PT Putra Rajawali Kencana Tbk","Industrials","stockanalysis:company"
"PURI","PT Puri Global Sukses Tbk","Real Estate","stockanalysis:company"
"PWON","PT Pakuwon Jati Tbk","Real Estate","stockanalysis:company"
"PYFA","PT Pyridam Farma Tbk","Healthcare","stockanalysis:company"
"PZZA","PT Sarimelati Kencana Tbk","Consumer Discretionary","stockanalysis:company"
"RAAM","PT Tripar Multivision Plus Tbk","Communication Services","stockanalysis:company"
"RAFI","PT Sari Kreasi Boga Tbk","Consumer Discretionary","stockanalysis:company"
"RAJA","PT Rukun Raharja Tbk","Utilities","stockanalysis:company"
"RALS","PT Ramayana Lestari Sentosa Tbk","Consumer Discretionary","stockanalysis:company"
"RANC","PT Supra Boga Lestari Tbk","Consumer Staples","stockanalysis:company"
"RATU","PT Raharja Energi Cepu Tbk","Energy","stockanalysis:company"
"RBMS","PT Ristia Bintang Mahkotasejati Tbk","Real Estate","stockanalysis:company"
"RCCC","PT Utama Radar Cahaya Tbk","Industrials","stockanalysis:company"
"RDTX","PT Roda Vivatex Tbk","Real Estate","stockanalysis:company"
"REAL","PT Repower Asia Indonesia Tbk","Real Estate","stockanalysis:company"
"RELF","PT Graha Mitra Asia Tbk","Real Estate","stockanalysis:company"
"RELI","PT Reliance Sekuritas Indonesia Tbk","Financials","stockanalysis:company"
"RGAS","PT Kian Santang Muliatama Tbk","Energy","stockanalysis:company"
"RICY","PT Ricky Putra Globalindo Tbk","Consumer Discretionary","stockanalysis:company"
"RIGS","PT Rig Tenders Indonesia Tbk","Industrials","stockanalysis:company"
"RISE","PT Jaya Sukses Makmur Sentosa Tbk","Real Estate","stockanalysis:company"
"RLCO","PT Abadi Lestari Indonesia Tbk","Consumer Staples","stockanalysis:company"
"RMKE","PT RMK Energy Tbk","Energy","stockanalysis:company"
"RMKO","PT Royaltama Mulia Kontraktorindo Tbk","Energy","stockanalysis:company"
"ROCK","PT Rockfields Properti Indonesia Tbk.","Real Estate","stockanalysis:company"
"RODA","PT Pikko Land Development Tbk","Real Estate","stockanalysis:company"
"RONY","PT Aesler Grup Internasional Tbk","Industrials","stockanalysis:company"
"ROTI","PT Nippon Indosari Corpindo Tbk","Consumer Staples","stockanalysis:company"
"RSCH","PT Charlie Hospital Semarang Tbk","Healthcare","stockanalysis:company"
"RSGK","PT Kedoya Adyaraya Tbk","Healthcare","stockanalysis:company"
"RUIS","PT Radiant Utama Interinsco Tbk","Energy","stockanalysis:company"
"RUNS","PT Global Sukses Solusi Tbk","Technology","stockanalysis:company"
"SAFE","PT Steady Safe Tbk","Industrials","stockanalysis:company"
"SAGE","PT Saptausaha Gemilangindah Tbk","Real Estate","stockanalysis:company"
"SAME","PT Sarana Meditama Metropolitan Tbk","Healthcare","stockanalysis:company"
"SAMF","PT Saraswanti Anugerah Makmur, Tbk","Materials","stockanalysis:company"
"SAPX","PT Satria Antaran Prima Tbk","Industrials","stockanalysis:company"
"SATU","PT Kota Satu Properti Tbk","Real Estate","stockanalysis:company"
"SBMA","PT Surya Biru Murni Acetylene Tbk","Materials","stockanalysis:company"
"SCCO","PT Supreme Cable Manufacturing & Commerce Tbk","Industrials","stockanalysis:company"
"SCMA","PT Surya Citra Media Tbk","Communication Services","stockanalysis:company"
"SCNP","PT Selaras Citra Nusantara Perkasa Tbk","Technology","stockanalysis:company"
"SDMU","PT Sidomulyo Selaras Tbk","Industrials","stockanalysis:company"
"SDPC","PT Millennium Pharmacon International Tbk","Healthcare","stockanalysis:company"
"SDRA","PT Bank Woori Saudara Indonesia 1906 Tbk","Financials","stockanalysis:company"
"SEMA","PT Semacom Integrated Tbk","Industrials","stockanalysis:company"
"SFAN","PT Surya Fajar Capital Tbk","Financials","stockanalysis:company"
"SGER","PT Sumber Global Energy Tbk","Energy","stockanalysis:company"
"SGRO","PT Prime Agri Resources Tbk","Consumer Staples","stockanalysis:company"
"SHID","PT Hotel Sahid Jaya International Tbk","Consumer Discretionary","stockanalysis:company"
"SHIP","PT Sillo Maritime Perdana Tbk","Energy","stockanalysis:company"
"SICO","PT Sigma Energy Compressindo Tbk","Energy","stockanalysis:company"
"SIDO","PT Industri Jamu dan Farmasi Sido Muncul Tbk","Healthcare","stockanalysis:company"
"SILO","PT Siloam International Hospitals Tbk","Healthcare","stockanalysis:company"
"SIMP","PT Salim Ivomas Pratama Tbk","Consumer Staples","stockanalysis:company"
"SINI","PT Singaraja Putra Tbk","Materials","stockanalysis:company"
"SIPD","PT Sreeya Sewu Indonesia Tbk","Consumer Staples","stockanalysis:company"
"SKBM","PT Sekar Bumi Tbk","Consumer Staples","stockanalysis:company"
"SKLT","PT Sekar Laut Tbk","Consumer Staples","stockanalysis:company"
"SKRN","PT Superkrane Mitra Utama Tbk","Industrials","stockanalysis:company"
"SLIS","PT Gaya Abadi Sempurna Tbk","Technology","stockanalysis:company"
"SMAR","PT Sinar Mas Agro Resources and Technology Tbk","Consumer Staples","stockanalysis:company"
"SMBR","PT Semen Baturaja (Persero) Tbk","Materials","stockanalysis:company"
"SMCB","PT Solusi Bangun Indonesia Tbk","Materials","stockanalysis:company"
"SMDM","PT Suryamas Dutamakmur Tbk","Real Estate","stockanalysis:company"
"SMDR","PT Samudera Indonesia Tbk","Industrials","stockanalysis:company"
"SMGA","PT Sumber Mineral Global Abadi Tbk","Materials","stockanalysis:company"
"SMGR","PT Semen Indonesia (Persero) Tbk","Materials","stockanalysis:company"
"SMIL","PT Sarana Mitra Luas Tbk","Industrials","stockanalysis:company"
"SMKL","PT Satyamitra Kemas Lestari Tbk","Consumer Discretionary","stockanalysis:company"
"SMKM","PT Sumber Mas Konstruksi Tbk","Industrials","stockanalysis:company"
"SMLE","PT Sinergi Multi Lestarindo Tbk","Materials","stockanalysis:company"
"SMMA","PT Sinar Mas Multiartha Tbk","Financials","stockanalysis:company"
"SMMT","PT Golden Eagle Energy Tbk","Energy","stockanalysis:company"
"SMRA","PT Summarecon Agung Tbk","Real Estate","stockanalysis:company"
"SMSM","PT Selamat Sempurna Tbk","Consumer Discretionary","stockanalysis:company"
"SNLK","PT Sunter Lakeside Hotel Tbk","Consumer Discretionary","stockanalysis:company"
"SOCI","PT Soechi Lines Tbk","Industrials","stockanalysis:company"
"SOFA","PT Solusi Environment Asia Tbk","Utilities","stockanalysis:company"
"SOHO","PT Soho Global Health Tbk","Healthcare","stockanalysis:company"
"SOLA","PT Xolare RCR Energy TBK","Industrials","stockanalysis:company"
"SONA","PT Sona Topas Tourism Industry Tbk","Consumer Discretionary","stockanalysis:company"
"SOSS","PT Shield On Service Tbk","Industrials","stockanalysis:company"
"SOTS","PT Satria Mega Kencana Tbk","Consumer Discretionary","stockanalysis:company"
"SOUL","PT Mitra Tirta Buwana Tbk","Industrials","stockanalysis:company"
"SPMA","PT Suparma Tbk","Materials","stockanalysis:company"
"SPRE","PT Soraya Berjaya Indonesia Tbk","Consumer Discretionary","stockanalysis:company"
"SPTO","PT Surya Pertiwi Tbk","Consumer Discretionary","stockanalysis:company"
"SQMI","PT Wilton Makmur Indonesia Tbk.","Materials","stockanalysis:company"
"SRAJ","PT Sejahteraraya Anugrahjaya Tbk","Healthcare","stockanalysis:company"
"SRSN","PT Indo Acidatama Tbk","Materials","stockanalysis:company"
"SRTG","PT Saratoga Investama Sedaya Tbk","Financials","stockanalysis:company"
"SSIA","PT Surya Semesta Internusa Tbk","Industrials","stockanalysis:company"
"SSMS","PT Sawit Sumbermas Sarana Tbk.","Consumer Staples","stockanalysis:company"
"SSTM","PT Sunson Textile Manufacturer Tbk","Consumer Discretionary","stockanalysis:company"
"STAA","PT Sumber Tani Agung Resources Tbk","Consumer Staples","stockanalysis:company"
"STAR","PT Buana Artha Anugerah Tbk","Financials","stockanalysis:company"
"STRK","PT Lovina Beach Brewery Tbk","Consumer Staples","stockanalysis:company"
"STTP","PT Siantar Top Tbk","Consumer Staples","stockanalysis:company"
"SULI","PT SLJ Global Tbk","Materials","stockanalysis:company"
"SUNI","PT Sunindo Pratama Tbk","Energy","stockanalysis:company"
"SUPA","PT Super Bank Indonesia Tbk","Financials","stockanalysis:company"
"SUPR","PT Solusi Tunas Pratama Tbk","Real Estate","stockanalysis:company"
"SURE","PT Super Energy Tbk","Energy","stockanalysis:company"
"SURI","PT Maja Agung Latexindo Tbk","Healthcare","stockanalysis:company"
"SWAT","PT Sriwahana Adityakarta Tbk","Consumer Discretionary","stockanalysis:company"
"SWID","PT Saraswanti Indoland Development Tbk","Real Estate","stockanalysis:company"
"TALF","PT Tunas Alfin Tbk","Consumer Discretionary","stockanalysis:company"
"TAMA","PT Lancartama Sejati Tbk","Real Estate","stockanalysis:company"
"TAMU","PT Pelayaran Tamarin Samudra Tbk","Industrials","stockanalysis:company"
"TAPG","PT Triputra Agro Persada Tbk","Consumer Staples","stockanalysis:company"
"TARA","PT Agung Semesta Sejahtera Tbk","Real Estate","stockanalysis:company"
"TAXI","PT Express Transindo Utama Tbk","Industrials","stockanalysis:company"
"TAYS","PT Jaya Swarasa Agung Tbk","Consumer Staples","stockanalysis:company"
"TBIG","PT Tower Bersama Infrastructure Tbk","Communication Services","stockanalysis:company"
"TBLA","PT Tunas Baru Lampung Tbk","Consumer Staples","stockanalysis:company"
"TBMS","PT Tembaga Mulia Semanan Tbk","Industrials","stockanalysis:company"
"TCID","PT. Mandom Indonesia Tbk","Consumer Staples","stockanalysis:company"
"TCPI","PT Transcoal Pacific Tbk","Industrials","stockanalysis:company"
"TEBE","PT Dana Brata Luhur Tbk","Industrials","stockanalysis:company"
"TELE","PT Omni Inovasi Indonesia Tbk","Communication Services","stockanalysis:company"
"TFAS","PT Telefast Indonesia Tbk","Industrials","stockanalysis:company"
"TFCO","PT Tifico Fiber Indonesia Tbk","Consumer Discretionary","stockanalysis:company"
"TGKA","PT Tigaraksa Satria Tbk","Consumer Staples","stockanalysis:company"
"TGRA","PT. Terregra Asia Energy Tbk","Utilities","stockanalysis:company"
"TGUK","PT Platinum Wahab Nusantara Tbk","Consumer Staples","stockanalysis:company"
"TIFA","PT KDB Tifa Finance Tbk","Financials","stockanalysis:company"
"TINS","PT TIMAH Tbk","Materials","stockanalysis:company"
"TIRA","PT Tira Austenite Tbk","Industrials","stockanalysis:company"
"TIRT","PT Tirta Mahakam Resources Tbk","Materials","stockanalysis:company"
"TKIM","PT Pabrik Kertas Tjiwi Kimia Tbk","Materials","stockanalysis:company"
"TLDN","PT Teladan Prima Agro Tbk","Consumer Staples","stockanalysis:company"
"TLKM","Perusahaan Perseroan (Persero) PT Telekomunikasi Indonesia Tbk","Communication Services","stockanalysis:company"
"TMAS","PT Temas Tbk.","Industrials","stockanalysis:company"
"TMPO","PT Tempo Inti Media Tbk","Communication Services","stockanalysis:company"
"TNCA","PT Trimuda Nuansa Citra Tbk","Industrials","stockanalysis:company"
"TOBA","PT TBS Energi Utama Tbk","Energy","stockanalysis:company"
"TOOL","PT Rohartindo Nusantara Luas Tbk","Consumer Discretionary","stockanalysis:company"
"TOPS","PT Totalindo Eka Persada Tbk","Industrials","stockanalysis:company"
"TOSK","PT Topindo Solusi Komunika Tbk","Technology","stockanalysis:company"
"TOTL","PT Total Bangun Persada Tbk","Industrials","stockanalysis:company"
"TOTO","PT Surya Toto Indonesia Tbk","Industrials","stockanalysis:company"
"TOWR","PT Sarana Menara Nusantara Tbk.","Real Estate","stockanalysis:company"
"TPIA","PT Chandra Asri Pacific Tbk","Materials","stockanalysis:company"
"TPMA","PT Trans Power Marine Tbk","Industrials","stockanalysis:company"
"TRGU","PT Cerestar Indonesia Tbk","Consumer Staples","stockanalysis:company"
"TRIM","PT Trimegah Sekuritas Indonesia Tbk","Financials","stockanalysis:company"
"TRIN","PT Perintis Triniti Properti Tbk","Real Estate","stockanalysis:company"
"TRIS","PT Trisula International Tbk","Consumer Discretionary","stockanalysis:company"
"TRJA","PT Transkon Jaya Tbk","Industrials","stockanalysis:company"
"TRON","PT Teknologi Karya Digital Nusa Tbk","Technology","stockanalysis:company"
"TRST","PT Trias Sentosa Tbk","Consumer Discretionary","stockanalysis:company"
"TRUE","PT Triniti Dinamik Tbk","Real Estate","stockanalysis:company"
"TRUK","PT Guna Timur Raya Tbk","Industrials","stockanalysis:company"
"TRUS","PT Trust Finance Indonesia Tbk","Financials","stockanalysis:company"
"TSPC","PT Tempo Scan Pacific Tbk","Industrials","stockanalysis:company"
"TUGU","PT Asuransi Tugu Pratama Indonesia Tbk","Financials","stockanalysis:company"
"TYRE","PT King Tire Indonesia Tbk","Consumer Discretionary","stockanalysis:company"
"UANG","PT Pakuan Tbk","Consumer Discretionary","stockanalysis:company"
"UCID","PT Uni-Charm Indonesia Tbk","Consumer Staples","stockanalysis:company"
"UDNG","PT Agro Bahari Nusantara Tbk","Consumer Staples","stockanalysis:company"
"UFOE","PT Damai Sejahtera Abadi Tbk","Consumer Discretionary","stockanalysis:company"
"ULTJ","PT Ultrajaya Milk Industry & Trading Company Tbk","Consumer Staples","stockanalysis:company"
"UNIC","PT Unggul Indah Cahaya Tbk","Materials","stockanalysis:company"
"UNIQ","PT Ulima Nitra Tbk","Energy","stockanalysis:company"
"UNSP","PT Bakrie Sumatera Plantations Tbk","Consumer Staples","stockanalysis:company"
"UNTD","PT Terang Dunia Internusa Tbk","Consumer Discretionary","stockanalysis:company"
"UNTR","PT United Tractors Tbk","Materials","stockanalysis:company"
"UNVR","PT Unilever Indonesia Tbk","Consumer Staples","stockanalysis:company"
"URBN","PT Urban Jakarta Propertindo Tbk.","Real Estate","stockanalysis:company"
"UVCR","PT Trimegah Karya Pratama Tbk","Technology","stockanalysis:company"
"VAST","PT Vastland Indonesia Tbk","Real Estate","stockanalysis:company"
"VERN","PT Verona Indah Pictures Tbk","Communication Services","stockanalysis:company"
"VICI","PT Victoria Care Indonesia Tbk","Consumer Staples","stockanalysis:company"
"VICO","PT Victoria Investama Tbk","Financials","stockanalysis:company"
"VINS","PT Victoria Insurance Tbk","Financials","stockanalysis:company"
"VISI","PT Satu Visi Putra Tbk","Industrials","stockanalysis:company"
"VIVA","PT Visi Media Asia Tbk","Communication Services","stockanalysis:company"
"VKTR","PT VKTR Teknologi Mobilitas Tbk","Consumer Discretionary","stockanalysis:company"
"VOKS","PT Voksel Electric Tbk","Industrials","stockanalysis:company"
"VRNA","PT Mizuho Leasing Indonesia Tbk","Financials","stockanalysis:company"
"VTNY","PT Venteny Fortuna International Tbk","Industrials","stockanalysis:company"
"WAPO","PT Wahana Pronatural Tbk","Consumer Staples","stockanalysis:company"
"WBSA","PT BSA Logistics Indonesia Tbk","Industrials","stockanalysis:company"
"WEGE","PT Wijaya Karya Bangunan Gedung Tbk","Industrials","stockanalysis:company"
"WEHA","PT WEHA Transportasi Indonesia Tbk","Industrials","stockanalysis:company"
"WGSH","PT Wira Global Solusi Tbk","Technology","stockanalysis:company"
"WICO","Pt Wicaksana Overseas International Tbk","Consumer Staples","stockanalysis:company"
"WIDI","PT Widiant Jaya Krenindo Tbk","Industrials","stockanalysis:company"
"WIFI","PT Solusi Sinergi Digital Tbk","Technology","stockanalysis:company"
"WIIM","PT Wismilak Inti Makmur Tbk","Consumer Staples","stockanalysis:company"
"WIKA","PT Wijaya Karya (Persero) Tbk","Industrials","stockanalysis:company"
"WINE","PT HATTEN BALI Tbk","Consumer Staples","stockanalysis:company"
"WINR","PT Winner Nusantara Jaya Tbk","Real Estate","stockanalysis:company"
"WINS","PT Wintermar Offshore Marine Tbk","Industrials","stockanalysis:company"
"WIRG","PT WIR ASIA Tbk","Technology","stockanalysis:company"
"WMPP","PT Widodo Makmur Perkasa Tbk","Industrials","stockanalysis:company"
"WMUU","PT Widodo Makmur Unggas Tbk","Consumer Staples","stockanalysis:company"
"WOMF","PT Wahana Ottomitra Multiartha Tbk","Financials","stockanalysis:company"
"WOOD","PT Integra Indocabinet Tbk","Consumer Discretionary","stockanalysis:company"
"WOWS","PT Ginting Jaya Energi Tbk","Energy","stockanalysis:company"
"WSBP","PT Waskita Beton Precast Tbk","Materials","stockanalysis:company"
"WTON","PT Wijaya Karya Beton Tbk","Materials","stockanalysis:company"
"XCIS","DIRE Ciptadana Properti Ritel Indonesia","Unclassified","unclassified"
"YELO","PT Yelooo Integra Datanet Tbk","Consumer Discretionary","stockanalysis:company"
"YOII","PT Asuransi Digital Bersama TBK","Financials","stockanalysis:company"
"YPAS","PT Yanaprima Hastapersada Tbk","Consumer Discretionary","stockanalysis:company"
"YULE","PT Yulie Sekuritas Indonesia Tbk","Financials","stockanalysis:company"
"YUPI","PT Yupi Indo Jelly Gum Tbk","Consumer Staples","stockanalysis:company"
"ZATA","PT Bersama Zatta Jaya Tbk","Consumer Discretionary","stockanalysis:company"
"ZBRA","PT Dosni Roha Indonesia Tbk","Healthcare","stockanalysis:company"
"ZINC","PT Kapuas Prima Coal Tbk","Materials","stockanalysis:company"
"ZONE","PT Mega Perintis Tbk","Consumer Discretionary","stockanalysis:company"
"ZYRX","PT Zyrexindo Mandiri Buana Tbk","Technology","stockanalysis:company"
